[
  {
    "user_id": "farmer_001",
    "timestamp": "2025-06-12T06:19:49.373862",
    "input_data": {
      "soil_ph": 6.5,
      "temperature": 25,
      "rainfall": 800,
      "humidity": 60,
      "season": "spring",
      "region": "north"
    },
    "recommended_crop": "Vegetables",
    "confidence": 0.3068238902376499,
    "soil_ph": 6.5,
    "temperature": 25,
    "rainfall": 800,
    "humidity": 60,
    "season": "spring",
    "region": "north",
    "yield_info": "15-25 tons/hectare",
    "growing_period": "60-90 days",
    "water_requirement": "Medium (400-700mm)",
    "tips": [
      "Requires rich, well-drained soil",
      "Regular watering and mulching",
      "Companion planting for pest control",
      "Harvest at optimal maturity for best quality"
    ]
  },
  {
    "user_id": "farmer_001",
    "timestamp": "2025-06-12T06:20:46.698389",
    "input_data": {
      "soil_type": "clay",
      "soil_ph": 6.5,
      "nitrogen": 50,
      "phosphorus": 50,
      "potassium": 50,
      "temperature": 25,
      "rainfall": 800,
      "humidity": 60,
      "season": "spring",
      "region": "north",
      "farm_size": 2.0
    },
    "recommended_crop": "Vegetables",
    "confidence": 0.3068238902376499,
    "soil_ph": 6.5,
    "temperature": 25,
    "rainfall": 800,
    "humidity": 60,
    "season": "spring",
    "region": "north",
    "yield_info": "15-25 tons/hectare",
    "growing_period": "60-90 days",
    "water_requirement": "Medium (400-700mm)",
    "tips": [
      "Requires rich, well-drained soil",
      "Regular watering and mulching",
      "Companion planting for pest control",
      "Harvest at optimal maturity for best quality"
    ]
  },
  {
    "user_id": "farmer_001",
    "timestamp": "2025-06-12T06:22:48.354038",
    "input_data": {
      "soil_type": "clay",
      "soil_ph": 6.5,
      "nitrogen": 50,
      "phosphorus": 50,
      "potassium": 50,
      "temperature": 21,
      "rainfall": 650,
      "humidity": 60,
      "season": "summer",
      "region": "east",
      "farm_size": 1.7999999999999998
    },
    "recommended_crop": "Pulses",
    "confidence": 0.33637911717489943,
    "soil_ph": 6.5,
    "temperature": 21,
    "rainfall": 650,
    "humidity": 60,
    "season": "summer",
    "region": "east",
    "yield_info": "1-2 tons/hectare",
    "growing_period": "90-120 days",
    "water_requirement": "Low-Medium (400-600mm)",
    "tips": [
      "Fix nitrogen naturally, reducing fertilizer need",
      "Rotate with cereal crops",
      "Avoid waterlogging",
      "Harvest when pods are dry and rattle"
    ]
  },
  {
    "user_id": "farmer_001",
    "timestamp": "2025-06-12T06:31:57.231378",
    "input_data": {
      "soil_ph": 6.3,
      "temperature": 25,
      "rainfall": 800,
      "humidity": 60,
      "season": "summer",
      "region": "east"
    },
    "recommended_crop": "Corn",
    "confidence": 0.38317232973932247,
    "soil_ph": 6.3,
    "temperature": 25,
    "rainfall": 800,
    "humidity": 60,
    "season": "summer",
    "region": "east",
    "yield_info": "4-6 tons/hectare",
    "growing_period": "90-120 days",
    "water_requirement": "Medium (500-800mm)",
    "tips": [
      "Plant after last frost date",
      "Requires adequate spacing between plants",
      "Side-dress with nitrogen when plants are knee-high",
      "Monitor for corn borers and apply organic pesticides"
    ]
  },
  {
    "user_id": "farmer_001",
    "timestamp": "2025-06-12T06:32:28.555842",
    "input_data": {
      "soil_ph": 6.3,
      "temperature": 25,
      "rainfall": 800,
      "humidity": 60,
      "season": "monsoon",
      "region": "central"
    },
    "recommended_crop": "Vegetables",
    "confidence": 0.48047729427467817,
    "soil_ph": 6.3,
    "temperature": 25,
    "rainfall": 800,
    "humidity": 60,
    "season": "monsoon",
    "region": "central",
    "yield_info": "15-25 tons/hectare",
    "growing_period": "60-90 days",
    "water_requirement": "Medium (400-700mm)",
    "tips": [
      "Requires rich, well-drained soil",
      "Regular watering and mulching",
      "Companion planting for pest control",
      "Harvest at optimal maturity for best quality"
    ]
  },
  {
    "user_id": "farmer_001",
    "timestamp": "2025-06-12T06:33:54.919777",
    "input_data": {
      "soil_type": "silt",
      "soil_ph": 6.699999999999999,
      "nitrogen": 50,
      "phosphorus": 50,
      "potassium": 50,
      "temperature": 26,
      "rainfall": 700,
      "humidity": 60,
      "season": "spring",
      "region": "west",
      "farm_size": 2.0
    },
    "recommended_crop": "Pulses",
    "confidence": 0.3572089773596245,
    "soil_ph": 6.699999999999999,
    "temperature": 26,
    "rainfall": 700,
    "humidity": 60,
    "season": "spring",
    "region": "west",
    "yield_info": "1-2 tons/hectare",
    "growing_period": "90-120 days",
    "water_requirement": "Low-Medium (400-600mm)",
    "tips": [
      "Fix nitrogen naturally, reducing fertilizer need",
      "Rotate with cereal crops",
      "Avoid waterlogging",
      "Harvest when pods are dry and rattle"
    ]
  },
  {
    "user_id": "farmer_001",
    "timestamp": "2025-06-12T06:34:14.308153",
    "input_data": {
      "soil_type": "silt",
      "soil_ph": 6.699999999999999,
      "nitrogen": 50,
      "phosphorus": 50,
      "potassium": 50,
      "temperature": 26,
      "rainfall": 700,
      "humidity": 60,
      "season": "spring",
      "region": "west",
      "farm_size": 2.0
    },
    "recommended_crop": "Pulses",
    "confidence": 0.3572089773596245,
    "soil_ph": 6.699999999999999,
    "temperature": 26,
    "rainfall": 700,
    "humidity": 60,
    "season": "spring",
    "region": "west",
    "yield_info": "1-2 tons/hectare",
    "growing_period": "90-120 days",
    "water_requirement": "Low-Medium (400-600mm)",
    "tips": [
      "Fix nitrogen naturally, reducing fertilizer need",
      "Rotate with cereal crops",
      "Avoid waterlogging",
      "Harvest when pods are dry and rattle"
    ]
  },
  {
    "user_id": "farmer_001",
    "timestamp": "2025-06-12T06:34:16.581559",
    "input_data": {
      "soil_type": "silt",
      "soil_ph": 6.699999999999999,
      "nitrogen": 50,
      "phosphorus": 50,
      "potassium": 50,
      "temperature": 26,
      "rainfall": 700,
      "humidity": 60,
      "season": "spring",
      "region": "west",
      "farm_size": 2.0
    },
    "recommended_crop": "Pulses",
    "confidence": 0.3572089773596245,
    "soil_ph": 6.699999999999999,
    "temperature": 26,
    "rainfall": 700,
    "humidity": 60,
    "season": "spring",
    "region": "west",
    "yield_info": "1-2 tons/hectare",
    "growing_period": "90-120 days",
    "water_requirement": "Low-Medium (400-600mm)",
    "tips": [
      "Fix nitrogen naturally, reducing fertilizer need",
      "Rotate with cereal crops",
      "Avoid waterlogging",
      "Harvest when pods are dry and rattle"
    ]
  },
  {
    "user_id": "farmer_001",
    "timestamp": "2025-06-12T06:37:03.120392",
    "input_data": {
      "soil_ph": 6.5,
      "temperature": 25,
      "rainfall": 800,
      "humidity": 60,
      "season": "summer",
      "region": "east"
    },
    "recommended_crop": "Corn",
    "confidence": 0.3712966776096154,
    "soil_ph": 6.5,
    "temperature": 25,
    "rainfall": 800,
    "humidity": 60,
    "season": "summer",
    "region": "east",
    "yield_info": "4-6 tons/hectare",
    "growing_period": "90-120 days",
    "water_requirement": "Medium (500-800mm)",
    "tips": [
      "Plant after last frost date",
      "Requires adequate spacing between plants",
      "Side-dress with nitrogen when plants are knee-high",
      "Monitor for corn borers and apply organic pesticides"
    ]
  }
]